,date,state,price
0,2018-01-01,AK,6.016666666666667e-08
1,2018-01-01,AL,3.219444444444445e-08
2,2018-01-01,AR,2.5999999999999998e-08
3,2018-01-01,AZ,3.4e-08
4,2018-01-01,CA,5.308333333333333e-08
5,2018-01-01,CO,3.211111111111111e-08
6,2018-01-01,CT,5.55e-08
7,2018-01-01,DC,3.416666666666667e-08
8,2018-01-01,DE,3.3000000000000004e-08
9,2018-01-01,FL,3.3416666666666665e-08
10,2018-01-01,GA,2.9694444444444445e-08
11,2018-01-01,HI,8.655555555555555e-08
12,2018-01-01,IA,3.036111111111111e-08
13,2018-01-01,ID,2.866666666666667e-08
14,2018-01-01,IL,3.469444444444444e-08
15,2018-01-01,IN,3.0805555555555555e-08
16,2018-01-01,KS,3.352777777777778e-08
17,2018-01-01,KY,2.7166666666666665e-08
18,2018-01-01,LA,2.4222222222222225e-08
19,2018-01-01,MA,5.980555555555556e-08
20,2018-01-01,MD,3.6000000000000005e-08
21,2018-01-01,ME,4.4472222222222225e-08
22,2018-01-01,MI,4.238888888888889e-08
23,2018-01-01,MN,3.45e-08
24,2018-01-01,MO,2.5527777777777777e-08
25,2018-01-01,MS,2.8805555555555553e-08
26,2018-01-01,MT,2.9694444444444445e-08
27,2018-01-01,NC,2.8527777777777777e-08
28,2018-01-01,ND,2.5e-08
29,2018-01-01,NE,2.5805555555555553e-08
30,2018-01-01,NH,5.3416666666666665e-08
31,2018-01-01,NJ,4.316666666666666e-08
32,2018-01-01,NM,3.311111111111111e-08
33,2018-01-01,NV,3.4444444444444444e-08
34,2018-01-01,NY,4.9305555555555555e-08
35,2018-01-01,OH,3.286111111111111e-08
36,2018-01-01,OK,2.4416666666666664e-08
37,2018-01-01,OR,2.9249999999999997e-08
38,2018-01-01,PA,3.797222222222222e-08
39,2018-01-01,RI,6.177777777777777e-08
40,2018-01-01,SC,3.472222222222222e-08
41,2018-01-01,SD,2.9750000000000002e-08
42,2018-01-01,TN,2.783333333333333e-08
43,2018-01-01,TX,3.0083333333333335e-08
44,2018-01-01,UT,2.8777777777777776e-08
45,2018-01-01,VA,3.038888888888889e-08
46,2018-01-01,VT,4.822222222222222e-08
47,2018-01-01,WA,2.6416666666666665e-08
48,2018-01-01,WI,3.891666666666667e-08
49,2018-01-01,WV,3.069444444444445e-08
50,2018-01-01,WY,3.0083333333333335e-08
51,2018-02-01,AK,5.8611111111111115e-08
52,2018-02-01,AL,3.4138888888888885e-08
53,2018-02-01,AR,2.7222222222222226e-08
54,2018-02-01,AZ,3.3888888888888886e-08
55,2018-02-01,CA,5.311111111111111e-08
56,2018-02-01,CO,3.258333333333334e-08
57,2018-02-01,CT,5.994444444444444e-08
58,2018-02-01,DC,3.716666666666667e-08
59,2018-02-01,DE,3.4999999999999996e-08
60,2018-02-01,FL,3.3722222222222224e-08
61,2018-02-01,GA,3.0083333333333335e-08
62,2018-02-01,HI,8.755555555555555e-08
63,2018-02-01,IA,3.2361111111111115e-08
64,2018-02-01,ID,2.8055555555555553e-08
65,2018-02-01,IL,3.397222222222222e-08
66,2018-02-01,IN,3.2e-08
67,2018-02-01,KS,3.5694444444444445e-08
68,2018-02-01,KY,2.8777777777777776e-08
69,2018-02-01,LA,2.483333333333333e-08
70,2018-02-01,MA,6.163888888888889e-08
71,2018-02-01,MD,3.7277777777777776e-08
72,2018-02-01,ME,4.502777777777778e-08
73,2018-02-01,MI,4.3388888888888885e-08
74,2018-02-01,MN,3.488888888888889e-08
75,2018-02-01,MO,2.7166666666666665e-08
76,2018-02-01,MS,3.1277777777777776e-08
77,2018-02-01,MT,2.972222222222222e-08
78,2018-02-01,NC,3.1777777777777773e-08
79,2018-02-01,ND,2.541666666666667e-08
80,2018-02-01,NE,2.6666666666666667e-08
81,2018-02-01,NH,5.5055555555555557e-08
82,2018-02-01,NJ,4.405555555555555e-08
83,2018-02-01,NM,3.391666666666667e-08
84,2018-02-01,NV,3.472222222222222e-08
85,2018-02-01,NY,5.0555555555555556e-08
86,2018-02-01,OH,3.4138888888888885e-08
87,2018-02-01,OK,2.736111111111111e-08
88,2018-02-01,OR,2.980555555555556e-08
89,2018-02-01,PA,3.875e-08
90,2018-02-01,RI,6.016666666666667e-08
91,2018-02-01,SC,3.6000000000000005e-08
92,2018-02-01,SD,2.988888888888889e-08
93,2018-02-01,TN,2.8694444444444446e-08
94,2018-02-01,TX,3.075e-08
95,2018-02-01,UT,2.8916666666666668e-08
96,2018-02-01,VA,3.186111111111111e-08
97,2018-02-01,VT,5.0083333333333335e-08
98,2018-02-01,WA,2.65e-08
99,2018-02-01,WI,3.969444444444444e-08
100,2018-02-01,WV,3.161111111111111e-08
101,2018-02-01,WY,3.0166666666666665e-08
102,2018-03-01,AK,5.9583333333333334e-08
103,2018-03-01,AL,3.513888888888889e-08
104,2018-03-01,AR,2.9083333333333336e-08
105,2018-03-01,AZ,3.441666666666667e-08
106,2018-03-01,CA,5.127777777777778e-08
107,2018-03-01,CO,3.255555555555556e-08
108,2018-03-01,CT,5.844444444444444e-08
109,2018-03-01,DC,3.383333333333333e-08
110,2018-03-01,DE,3.438888888888889e-08
111,2018-03-01,FL,3.263888888888889e-08
112,2018-03-01,GA,3.147222222222222e-08
113,2018-03-01,HI,8.902777777777777e-08
114,2018-03-01,IA,3.3472222222222225e-08
115,2018-03-01,ID,2.775e-08
116,2018-03-01,IL,3.536111111111111e-08
117,2018-03-01,IN,3.369444444444445e-08
118,2018-03-01,KS,3.7055555555555554e-08
119,2018-03-01,KY,2.9305555555555558e-08
120,2018-03-01,LA,2.7194444444444442e-08
121,2018-03-01,MA,6.247222222222222e-08
122,2018-03-01,MD,3.602777777777778e-08
123,2018-03-01,ME,4.333333333333333e-08
124,2018-03-01,MI,4.3194444444444446e-08
125,2018-03-01,MN,3.5305555555555555e-08
126,2018-03-01,MO,2.9111111111111113e-08
127,2018-03-01,MS,3.344444444444444e-08
128,2018-03-01,MT,3.011111111111111e-08
129,2018-03-01,NC,3.1027777777777777e-08
130,2018-03-01,ND,2.6805555555555555e-08
131,2018-03-01,NE,2.8444444444444447e-08
132,2018-03-01,NH,5.522222222222222e-08
133,2018-03-01,NJ,4.2805555555555556e-08
134,2018-03-01,NM,3.519444444444445e-08
135,2018-03-01,NV,3.5055555555555556e-08
136,2018-03-01,NY,4.869444444444445e-08
137,2018-03-01,OH,3.486111111111111e-08
138,2018-03-01,OK,3.013888888888889e-08
139,2018-03-01,OR,2.9833333333333336e-08
140,2018-03-01,PA,3.8694444444444446e-08
141,2018-03-01,RI,5.613888888888889e-08
142,2018-03-01,SC,3.602777777777778e-08
143,2018-03-01,SD,3.011111111111111e-08
144,2018-03-01,TN,3.097222222222222e-08
145,2018-03-01,TX,3.211111111111111e-08
146,2018-03-01,UT,2.8999999999999998e-08
147,2018-03-01,VA,3.2527777777777783e-08
148,2018-03-01,VT,4.8888888888888894e-08
149,2018-03-01,WA,2.6805555555555555e-08
150,2018-03-01,WI,4.002777777777778e-08
151,2018-03-01,WV,3.1749999999999996e-08
152,2018-03-01,WY,3.069444444444445e-08
153,2018-04-01,AK,5.997222222222222e-08
154,2018-04-01,AL,3.552777777777778e-08
155,2018-04-01,AR,2.7777777777777777e-08
156,2018-04-01,AZ,3.638888888888889e-08
157,2018-04-01,CA,4.466666666666666e-08
158,2018-04-01,CO,3.35e-08
159,2018-04-01,CT,5.955555555555556e-08
160,2018-04-01,DC,3.811111111111111e-08
161,2018-04-01,DE,3.5694444444444445e-08
162,2018-04-01,FL,3.155555555555555e-08
163,2018-04-01,GA,3.108333333333333e-08
164,2018-04-01,HI,8.669444444444445e-08
165,2018-04-01,IA,3.4e-08
166,2018-04-01,ID,2.813888888888889e-08
167,2018-04-01,IL,3.622222222222222e-08
168,2018-04-01,IN,3.4194444444444445e-08
169,2018-04-01,KS,3.7666666666666666e-08
170,2018-04-01,KY,2.95e-08
171,2018-04-01,LA,2.7222222222222226e-08
172,2018-04-01,MA,6.191666666666667e-08
173,2018-04-01,MD,3.7138888888888885e-08
174,2018-04-01,ME,4.375e-08
175,2018-04-01,MI,4.35e-08
176,2018-04-01,MN,3.575e-08
177,2018-04-01,MO,2.8777777777777776e-08
178,2018-04-01,MS,3.3805555555555555e-08
179,2018-04-01,MT,3.061111111111111e-08
180,2018-04-01,NC,3.302777777777778e-08
181,2018-04-01,ND,2.7861111111111108e-08
182,2018-04-01,NE,2.9277777777777774e-08
183,2018-04-01,NH,5.5e-08
184,2018-04-01,NJ,4.333333333333333e-08
185,2018-04-01,NM,3.494444444444444e-08
186,2018-04-01,NV,3.4277777777777776e-08
187,2018-04-01,NY,5e-08
188,2018-04-01,OH,3.5166666666666664e-08
189,2018-04-01,OK,3.069444444444445e-08
190,2018-04-01,OR,3.0166666666666665e-08
191,2018-04-01,PA,3.911111111111111e-08
192,2018-04-01,RI,5.686111111111111e-08
193,2018-04-01,SC,3.669444444444445e-08
194,2018-04-01,SD,3.1194444444444445e-08
195,2018-04-01,TN,3.002777777777778e-08
196,2018-04-01,TX,3.219444444444445e-08
197,2018-04-01,UT,2.922222222222222e-08
198,2018-04-01,VA,3.291666666666667e-08
199,2018-04-01,VT,4.977777777777778e-08
200,2018-04-01,WA,2.7055555555555557e-08
201,2018-04-01,WI,4.080555555555555e-08
202,2018-04-01,WV,3.186111111111111e-08
203,2018-04-01,WY,3.1361111111111106e-08
204,2018-05-01,AK,6.15e-08
205,2018-05-01,AL,3.469444444444444e-08
206,2018-05-01,AR,2.7472222222222224e-08
207,2018-05-01,AZ,3.6944444444444447e-08
208,2018-05-01,CA,5.252777777777778e-08
209,2018-05-01,CO,3.3222222222222226e-08
210,2018-05-01,CT,5.983333333333333e-08
211,2018-05-01,DC,3.813888888888889e-08
212,2018-05-01,DE,3.813888888888889e-08
213,2018-05-01,FL,3.2055555555555556e-08
214,2018-05-01,GA,3.227777777777778e-08
215,2018-05-01,HI,8.897222222222223e-08
216,2018-05-01,IA,3.6888888888888886e-08
217,2018-05-01,ID,2.9305555555555558e-08
218,2018-05-01,IL,3.669444444444445e-08
219,2018-05-01,IN,3.416666666666667e-08
220,2018-05-01,KS,3.7527777777777775e-08
221,2018-05-01,KY,2.961111111111111e-08
222,2018-05-01,LA,2.647222222222222e-08
223,2018-05-01,MA,6.011111111111112e-08
224,2018-05-01,MD,3.702777777777778e-08
225,2018-05-01,ME,4.5194444444444444e-08
226,2018-05-01,MI,4.422222222222222e-08
227,2018-05-01,MN,3.825e-08
228,2018-05-01,MO,3.458333333333333e-08
229,2018-05-01,MS,3.352777777777778e-08
230,2018-05-01,MT,3.1749999999999996e-08
231,2018-05-01,NC,3.169444444444444e-08
232,2018-05-01,ND,3.1277777777777776e-08
233,2018-05-01,NE,3.172222222222222e-08
234,2018-05-01,NH,5.4888888888888895e-08
235,2018-05-01,NJ,4.411111111111111e-08
236,2018-05-01,NM,3.3722222222222224e-08
237,2018-05-01,NV,3.3472222222222225e-08
238,2018-05-01,NY,5.1444444444444444e-08
239,2018-05-01,OH,3.558333333333334e-08
240,2018-05-01,OK,2.8027777777777776e-08
241,2018-05-01,OR,3.111111111111111e-08
242,2018-05-01,PA,3.977777777777778e-08
243,2018-05-01,RI,5.563888888888889e-08
244,2018-05-01,SC,3.5694444444444445e-08
245,2018-05-01,SD,3.361111111111111e-08
246,2018-05-01,TN,3.019444444444444e-08
247,2018-05-01,TX,3.2222222222222224e-08
248,2018-05-01,UT,2.997222222222222e-08
249,2018-05-01,VA,3.411111111111111e-08
250,2018-05-01,VT,5.097222222222222e-08
251,2018-05-01,WA,2.6944444444444443e-08
252,2018-05-01,WI,4.2250000000000004e-08
253,2018-05-01,WV,3.272222222222222e-08
254,2018-05-01,WY,3.327777777777778e-08
255,2018-06-01,AK,6.252777777777779e-08
256,2018-06-01,AL,3.447222222222222e-08
257,2018-06-01,AR,2.775e-08
258,2018-06-01,AZ,3.6555555555555556e-08
259,2018-06-01,CA,5.527777777777777e-08
260,2018-06-01,CO,3.411111111111111e-08
261,2018-06-01,CT,6.005555555555556e-08
262,2018-06-01,DC,3.35e-08
263,2018-06-01,DE,3.669444444444445e-08
264,2018-06-01,FL,3.158333333333333e-08
265,2018-06-01,GA,3.4055555555555554e-08
266,2018-06-01,HI,9.1e-08
267,2018-06-01,IA,3.836111111111111e-08
268,2018-06-01,ID,2.938888888888889e-08
269,2018-06-01,IL,3.488888888888889e-08
270,2018-06-01,IN,3.338888888888889e-08
271,2018-06-01,KS,3.738888888888889e-08
272,2018-06-01,KY,2.9333333333333335e-08
273,2018-06-01,LA,2.6027777777777775e-08
274,2018-06-01,MA,5.8611111111111115e-08
275,2018-06-01,MD,3.866666666666667e-08
276,2018-06-01,ME,4.486111111111111e-08
277,2018-06-01,MI,4.463888888888889e-08
278,2018-06-01,MN,3.913888888888889e-08
279,2018-06-01,MO,3.675e-08
280,2018-06-01,MS,3.208333333333333e-08
281,2018-06-01,MT,3.291666666666667e-08
282,2018-06-01,NC,3.122222222222222e-08
283,2018-06-01,ND,3.352777777777778e-08
284,2018-06-01,NE,3.141666666666667e-08
285,2018-06-01,NH,5.4527777777777775e-08
286,2018-06-01,NJ,4.3444444444444445e-08
287,2018-06-01,NM,3.7138888888888885e-08
288,2018-06-01,NV,3.241666666666667e-08
289,2018-06-01,NY,5.361111111111111e-08
290,2018-06-01,OH,3.511111111111111e-08
291,2018-06-01,OK,2.977777777777778e-08
292,2018-06-01,OR,3.061111111111111e-08
293,2018-06-01,PA,3.975e-08
294,2018-06-01,RI,5.177777777777778e-08
295,2018-06-01,SC,3.5861111111111113e-08
296,2018-06-01,SD,3.441666666666667e-08
297,2018-06-01,TN,2.997222222222222e-08
298,2018-06-01,TX,3.155555555555555e-08
299,2018-06-01,UT,2.952777777777778e-08
300,2018-06-01,VA,3.4444444444444444e-08
301,2018-06-01,VT,5.138888888888889e-08
302,2018-06-01,WA,2.7194444444444442e-08
303,2018-06-01,WI,3.9666666666666665e-08
304,2018-06-01,WV,3.2138888888888887e-08
305,2018-06-01,WY,3.416666666666667e-08
306,2018-07-01,AK,6.516666666666667e-08
307,2018-07-01,AL,3.411111111111111e-08
308,2018-07-01,AR,2.7722222222222223e-08
309,2018-07-01,AZ,3.588888888888889e-08
310,2018-07-01,CA,5.458333333333333e-08
311,2018-07-01,CO,3.519444444444445e-08
312,2018-07-01,CT,5.7999999999999997e-08
313,2018-07-01,DC,3.3333333333333334e-08
314,2018-07-01,DE,3.338888888888889e-08
315,2018-07-01,FL,3.1361111111111106e-08
316,2018-07-01,GA,3.411111111111111e-08
317,2018-07-01,HI,9.291666666666667e-08
318,2018-07-01,IA,4.0277777777777777e-08
319,2018-07-01,ID,2.9083333333333336e-08
320,2018-07-01,IL,3.266666666666667e-08
321,2018-07-01,IN,3.3472222222222225e-08
322,2018-07-01,KS,3.7916666666666665e-08
323,2018-07-01,KY,2.875e-08
324,2018-07-01,LA,2.688888888888889e-08
325,2018-07-01,MA,5.7305555555555554e-08
326,2018-07-01,MD,3.738888888888889e-08
327,2018-07-01,ME,4.530555555555555e-08
328,2018-07-01,MI,4.438888888888889e-08
329,2018-07-01,MN,3.9472222222222226e-08
330,2018-07-01,MO,3.644444444444444e-08
331,2018-07-01,MS,3.044444444444445e-08
332,2018-07-01,MT,3.2611111111111114e-08
333,2018-07-01,NC,3.1749999999999996e-08
334,2018-07-01,ND,3.2944444444444444e-08
335,2018-07-01,NE,3.3083333333333335e-08
336,2018-07-01,NH,5.244444444444444e-08
337,2018-07-01,NJ,4.3055555555555555e-08
338,2018-07-01,NM,3.7194444444444446e-08
339,2018-07-01,NV,3.15e-08
340,2018-07-01,NY,5.383333333333333e-08
341,2018-07-01,OH,3.527777777777778e-08
342,2018-07-01,OK,2.866666666666667e-08
343,2018-07-01,OR,3.116666666666667e-08
344,2018-07-01,PA,3.883333333333334e-08
345,2018-07-01,RI,5.063888888888889e-08
346,2018-07-01,SC,3.6000000000000005e-08
347,2018-07-01,SD,3.45e-08
348,2018-07-01,TN,2.9666666666666664e-08
349,2018-07-01,TX,3.1277777777777776e-08
350,2018-07-01,UT,3.038888888888889e-08
351,2018-07-01,VA,3.425e-08
352,2018-07-01,VT,4.961111111111111e-08
353,2018-07-01,WA,2.6972222222222223e-08
354,2018-07-01,WI,3.9722222222222225e-08
355,2018-07-01,WV,3.1749999999999996e-08
356,2018-07-01,WY,3.344444444444444e-08
357,2018-08-01,AK,6.313888888888889e-08
358,2018-08-01,AL,3.447222222222222e-08
359,2018-08-01,AR,2.7722222222222223e-08
360,2018-08-01,AZ,3.5861111111111113e-08
361,2018-08-01,CA,5.563888888888889e-08
362,2018-08-01,CO,3.469444444444444e-08
363,2018-08-01,CT,5.911111111111111e-08
364,2018-08-01,DC,3.488888888888889e-08
365,2018-08-01,DE,3.416666666666667e-08
366,2018-08-01,FL,3.130555555555555e-08
367,2018-08-01,GA,3.475e-08
368,2018-08-01,HI,9e-08
369,2018-08-01,IA,4.047222222222222e-08
370,2018-08-01,ID,2.9249999999999997e-08
371,2018-08-01,IL,3.422222222222222e-08
372,2018-08-01,IN,3.4055555555555554e-08
373,2018-08-01,KS,3.811111111111111e-08
374,2018-08-01,KY,2.9083333333333336e-08
375,2018-08-01,LA,2.6805555555555555e-08
376,2018-08-01,MA,5.791666666666667e-08
377,2018-08-01,MD,3.627777777777778e-08
378,2018-08-01,ME,4.522222222222223e-08
379,2018-08-01,MI,4.3e-08
380,2018-08-01,MN,3.8861111111111114e-08
381,2018-08-01,MO,3.5222222222222224e-08
382,2018-08-01,MS,3.05e-08
383,2018-08-01,MT,3.197222222222222e-08
384,2018-08-01,NC,3.1916666666666665e-08
385,2018-08-01,ND,3.313888888888889e-08
386,2018-08-01,NE,3.352777777777778e-08
387,2018-08-01,NH,5.3555555555555556e-08
388,2018-08-01,NJ,4.247222222222222e-08
389,2018-08-01,NM,3.783333333333333e-08
390,2018-08-01,NV,3.172222222222222e-08
391,2018-08-01,NY,5.2861111111111114e-08
392,2018-08-01,OH,3.5222222222222224e-08
393,2018-08-01,OK,3.0000000000000004e-08
394,2018-08-01,OR,3.0805555555555555e-08
395,2018-08-01,PA,3.863888888888889e-08
396,2018-08-01,RI,5.194444444444444e-08
397,2018-08-01,SC,2.8416666666666666e-08
398,2018-08-01,SD,3.513888888888889e-08
399,2018-08-01,TN,3.0083333333333335e-08
400,2018-08-01,TX,3.1777777777777773e-08
401,2018-08-01,UT,3.061111111111111e-08
402,2018-08-01,VA,3.4277777777777776e-08
403,2018-08-01,VT,4.980555555555555e-08
404,2018-08-01,WA,2.7222222222222226e-08
405,2018-08-01,WI,3.9888888888888887e-08
406,2018-08-01,WV,3.163888888888889e-08
407,2018-08-01,WY,3.2833333333333336e-08
408,2018-09-01,AK,6.322222222222222e-08
409,2018-09-01,AL,3.463888888888889e-08
410,2018-09-01,AR,2.791666666666667e-08
411,2018-09-01,AZ,3.5861111111111113e-08
412,2018-09-01,CA,5.3861111111111116e-08
413,2018-09-01,CO,3.486111111111111e-08
414,2018-09-01,CT,6.125e-08
415,2018-09-01,DC,3.488888888888889e-08
416,2018-09-01,DE,3.438888888888889e-08
417,2018-09-01,FL,3.141666666666667e-08
418,2018-09-01,GA,3.358333333333333e-08
419,2018-09-01,HI,8.969444444444444e-08
420,2018-09-01,IA,3.675e-08
421,2018-09-01,ID,2.866666666666667e-08
422,2018-09-01,IL,3.386111111111111e-08
423,2018-09-01,IN,3.425e-08
424,2018-09-01,KS,3.572222222222222e-08
425,2018-09-01,KY,2.972222222222222e-08
426,2018-09-01,LA,2.5777777777777776e-08
427,2018-09-01,MA,6.152777777777778e-08
428,2018-09-01,MD,3.691666666666666e-08
429,2018-09-01,ME,4.4472222222222225e-08
430,2018-09-01,MI,4.277777777777778e-08
431,2018-09-01,MN,4.047222222222222e-08
432,2018-09-01,MO,3.05e-08
433,2018-09-01,MS,3.0166666666666665e-08
434,2018-09-01,MT,3.272222222222222e-08
435,2018-09-01,NC,3.2222222222222224e-08
436,2018-09-01,ND,3.397222222222222e-08
437,2018-09-01,NE,3.411111111111111e-08
438,2018-09-01,NH,5.519444444444445e-08
439,2018-09-01,NJ,4.3138888888888886e-08
440,2018-09-01,NM,3.638888888888889e-08
441,2018-09-01,NV,3.255555555555556e-08
442,2018-09-01,NY,5.3555555555555556e-08
443,2018-09-01,OH,3.163888888888889e-08
444,2018-09-01,OK,3.013888888888889e-08
445,2018-09-01,OR,3.1361111111111106e-08
446,2018-09-01,PA,3.8222222222222225e-08
447,2018-09-01,RI,6.2e-08
448,2018-09-01,SC,3.4361111111111107e-08
449,2018-09-01,SD,3.563888888888889e-08
450,2018-09-01,TN,2.9416666666666665e-08
451,2018-09-01,TX,3.219444444444445e-08
452,2018-09-01,UT,2.95e-08
453,2018-09-01,VA,3.3555555555555556e-08
454,2018-09-01,VT,4.9861111111111107e-08
455,2018-09-01,WA,2.7527777777777778e-08
456,2018-09-01,WI,4.133333333333333e-08
457,2018-09-01,WV,3.122222222222222e-08
458,2018-09-01,WY,3.397222222222222e-08
459,2018-10-01,AK,6.252777777777779e-08
460,2018-10-01,AL,3.45e-08
461,2018-10-01,AR,2.5944444444444444e-08
462,2018-10-01,AZ,3.683333333333333e-08
463,2018-10-01,CA,4.3694444444444444e-08
464,2018-10-01,CO,3.408333333333333e-08
465,2018-10-01,CT,6.075e-08
466,2018-10-01,DC,3.7777777777777774e-08
467,2018-10-01,DE,3.858333333333334e-08
468,2018-10-01,FL,3.241666666666667e-08
469,2018-10-01,GA,3.0472222222222225e-08
470,2018-10-01,HI,9.016666666666667e-08
471,2018-10-01,IA,3.5611111111111115e-08
472,2018-10-01,ID,2.8694444444444446e-08
473,2018-10-01,IL,3.675e-08
474,2018-10-01,IN,3.441666666666667e-08
475,2018-10-01,KS,3.7e-08
476,2018-10-01,KY,2.9916666666666667e-08
477,2018-10-01,LA,2.5305555555555555e-08
478,2018-10-01,MA,5.911111111111111e-08
479,2018-10-01,MD,3.9416666666666666e-08
480,2018-10-01,ME,4.5749999999999996e-08
481,2018-10-01,MI,4.283333333333333e-08
482,2018-10-01,MN,3.811111111111111e-08
483,2018-10-01,MO,2.9750000000000002e-08
484,2018-10-01,MS,3.1194444444444445e-08
485,2018-10-01,MT,3.188888888888889e-08
486,2018-10-01,NC,3.319444444444444e-08
487,2018-10-01,ND,3.0083333333333335e-08
488,2018-10-01,NE,3.1194444444444445e-08
489,2018-10-01,NH,5.6194444444444444e-08
490,2018-10-01,NJ,4.1555555555555555e-08
491,2018-10-01,NM,3.602777777777778e-08
492,2018-10-01,NV,3.377777777777778e-08
493,2018-10-01,NY,5.3583333333333333e-08
494,2018-10-01,OH,3.4666666666666666e-08
495,2018-10-01,OK,3.0555555555555556e-08
496,2018-10-01,OR,3.122222222222222e-08
497,2018-10-01,PA,3.9166666666666667e-08
498,2018-10-01,RI,5.963888888888888e-08
499,2018-10-01,SC,3.4527777777777775e-08
500,2018-10-01,SD,3.430555555555555e-08
501,2018-10-01,TN,2.972222222222222e-08
502,2018-10-01,TX,3.247222222222222e-08
503,2018-10-01,UT,2.866666666666667e-08
504,2018-10-01,VA,3.305555555555556e-08
505,2018-10-01,VT,5.116666666666667e-08
506,2018-10-01,WA,2.688888888888889e-08
507,2018-10-01,WI,4.15e-08
508,2018-10-01,WV,3.130555555555555e-08
509,2018-10-01,WY,3.077777777777778e-08
510,2018-11-01,AK,6.058333333333332e-08
511,2018-11-01,AL,3.3722222222222224e-08
512,2018-11-01,AR,2.6777777777777778e-08
513,2018-11-01,AZ,3.513888888888889e-08
514,2018-11-01,CA,5.4250000000000006e-08
515,2018-11-01,CO,3.3666666666666664e-08
516,2018-11-01,CT,5.877777777777778e-08
517,2018-11-01,DC,3.844444444444445e-08
518,2018-11-01,DE,3.638888888888889e-08
519,2018-11-01,FL,3.3722222222222224e-08
520,2018-11-01,GA,3.005555555555556e-08
521,2018-11-01,HI,9.394444444444444e-08
522,2018-11-01,IA,3.375e-08
523,2018-11-01,ID,2.661111111111111e-08
524,2018-11-01,IL,3.6805555555555555e-08
525,2018-11-01,IN,3.438888888888889e-08
526,2018-11-01,KS,3.602777777777778e-08
527,2018-11-01,KY,2.980555555555556e-08
528,2018-11-01,LA,2.525e-08
529,2018-11-01,MA,5.908333333333333e-08
530,2018-11-01,MD,3.6416666666666665e-08
531,2018-11-01,ME,4.55e-08
532,2018-11-01,MI,4.2e-08
533,2018-11-01,MN,3.638888888888889e-08
534,2018-11-01,MO,2.7944444444444445e-08
535,2018-11-01,MS,3.216666666666667e-08
536,2018-11-01,MT,3.075e-08
537,2018-11-01,NC,3.1361111111111106e-08
538,2018-11-01,ND,2.7472222222222224e-08
539,2018-11-01,NE,2.9444444444444442e-08
540,2018-11-01,NH,5.577777777777777e-08
541,2018-11-01,NJ,4.177777777777778e-08
542,2018-11-01,NM,3.416666666666667e-08
543,2018-11-01,NV,3.3666666666666664e-08
544,2018-11-01,NY,5.0472222222222225e-08
545,2018-11-01,OH,3.4361111111111107e-08
546,2018-11-01,OK,2.7555555555555555e-08
547,2018-11-01,OR,3.0416666666666664e-08
548,2018-11-01,PA,3.8694444444444446e-08
549,2018-11-01,RI,6.038888888888888e-08
550,2018-11-01,SC,3.433333333333333e-08
551,2018-11-01,SD,3.133333333333333e-08
552,2018-11-01,TN,3.0722222222222224e-08
553,2018-11-01,TX,3.280555555555556e-08
554,2018-11-01,UT,2.7861111111111108e-08
555,2018-11-01,VA,3.2361111111111115e-08
556,2018-11-01,VT,5.061111111111111e-08
557,2018-11-01,WA,2.627777777777778e-08
558,2018-11-01,WI,3.969444444444444e-08
559,2018-11-01,WV,3.122222222222222e-08
560,2018-11-01,WY,3.069444444444445e-08
561,2018-12-01,AK,6.108333333333333e-08
562,2018-12-01,AL,3.227777777777778e-08
563,2018-12-01,AR,2.5027777777777776e-08
564,2018-12-01,AZ,3.4055555555555554e-08
565,2018-12-01,CA,5.4e-08
566,2018-12-01,CO,3.305555555555556e-08
567,2018-12-01,CT,5.788888888888889e-08
568,2018-12-01,DC,3.652777777777778e-08
569,2018-12-01,DE,3.408333333333333e-08
570,2018-12-01,FL,3.2944444444444444e-08
571,2018-12-01,GA,2.5805555555555553e-08
572,2018-12-01,HI,9.563888888888889e-08
573,2018-12-01,IA,3.077777777777778e-08
574,2018-12-01,ID,2.7305555555555556e-08
575,2018-12-01,IL,3.416666666666667e-08
576,2018-12-01,IN,3.302777777777778e-08
577,2018-12-01,KS,3.3222222222222226e-08
578,2018-12-01,KY,2.8777777777777776e-08
579,2018-12-01,LA,2.5027777777777776e-08
580,2018-12-01,MA,6.108333333333333e-08
581,2018-12-01,MD,3.677777777777778e-08
582,2018-12-01,ME,4.475e-08
583,2018-12-01,MI,4.1944444444444445e-08
584,2018-12-01,MN,3.575e-08
585,2018-12-01,MO,2.65e-08
586,2018-12-01,MS,3.0888888888888885e-08
587,2018-12-01,MT,3.036111111111111e-08
588,2018-12-01,NC,2.9944444444444443e-08
589,2018-12-01,ND,2.65e-08
590,2018-12-01,NE,2.7250000000000002e-08
591,2018-12-01,NH,5.494444444444445e-08
592,2018-12-01,NJ,4.2916666666666664e-08
593,2018-12-01,NM,3.344444444444444e-08
594,2018-12-01,NV,3.255555555555556e-08
595,2018-12-01,NY,4.816666666666667e-08
596,2018-12-01,OH,3.3333333333333334e-08
597,2018-12-01,OK,2.5055555555555556e-08
598,2018-12-01,OR,2.9666666666666664e-08
599,2018-12-01,PA,3.772222222222222e-08
600,2018-12-01,RI,6.252777777777779e-08
601,2018-12-01,SC,3.2694444444444445e-08
602,2018-12-01,SD,3.069444444444445e-08
603,2018-12-01,TN,2.977777777777778e-08
604,2018-12-01,TX,3.116666666666667e-08
605,2018-12-01,UT,2.7694444444444446e-08
606,2018-12-01,VA,3.058333333333333e-08
607,2018-12-01,VT,5.0166666666666666e-08
608,2018-12-01,WA,2.597222222222222e-08
609,2018-12-01,WI,3.905555555555556e-08
610,2018-12-01,WV,2.8916666666666668e-08
611,2018-12-01,WY,3.011111111111111e-08
